city,numberListedForAuction,numberWithdrawn,numberUnreported,numberAuctioned,numberSold,totalSales,median,adjClearanceRate
Sydney,878,95,8,620,478,535398210,1585000,0.770967742
Melbourne,1129,70,10,892,649,522586106,1105000,0.727578475
Brisbane,130,7,2,80,60,47160500,1090250,0.75
Canberra,100,1,1,76,60,54894500,952000,0.789473684
Adelaide,104,1,3,67,63,42589101,975000,0.940298507
