city,numberListedForAuction,numberWithdrawn,numberUnreported,numberAuctioned,numberSold,totalSales,median,adjClearanceRate
Sydney,879,96,8,709,532,584111910.0,1532000,0.7503526093088858
Melbourne,1130,71,10,922,676,528479606.0,1104500,0.7331887201735358
Brisbane,130,7,2,94,72,54673500.0,1151250,0.7659574468085106
Canberra,100,1,1,79,63,56099500.0,958500,0.7974683544303798
Adelaide,104,1,3,77,72,48600601.0,786000,0.935064935064935
